area,year,median_salary,life_satisfaction,mean_salary,population_size,number_of_jobs,area_size,no_of_houses,average_price,houses_sold
barking and dagenham,1999,21480.0,,23620.0,162444.0,,,,65320.833333333336,223.83333333333334
barking and dagenham,2000,22618.0,,24696.0,163893.0,57000.0,,,77549.5,234.41666666666666
barking and dagenham,2001,22323.0,,26050.0,165654.0,54000.0,3780.0,68298.0,88664.0,266.9166666666667
barking and dagenham,2002,24813.0,,26653.0,166357.0,52000.0,3780.0,68526.0,112221.91666666667,287.4166666666667
barking and dagenham,2003,25358.0,,27792.0,166210.0,55000.0,3780.0,68837.0,142499.0,301.25
barking and dagenham,2004,26089.0,,29088.0,165610.0,53000.0,3780.0,68899.0,158176.0,301.3333333333333
barking and dagenham,2005,26680.0,,28728.0,166275.0,53000.0,3780.0,69261.0,163360.91666666666,240.83333333333334
barking and dagenham,2006,26549.0,,28660.0,167157.0,51000.0,3780.0,69529.0,167853.25,304.5
barking and dagenham,2007,30200.0,,31994.0,169031.0,52000.0,3780.0,69835.0,184909.66666666666,332.0833333333333
barking and dagenham,2008,29396.0,,31795.0,172452.0,53000.0,3780.0,70551.0,187356.83333333334,140.66666666666666
barking and dagenham,2009,30973.0,,33126.0,177580.0,47000.0,3780.0,70839.0,156446.91666666666,105.16666666666667
barking and dagenham,2010,28527.0,,32996.0,182838.0,51000.0,3780.0,70946.0,166560.75,121.08333333333333
barking and dagenham,2011,28201.0,7.05,33568.0,187029.0,54000.0,3780.0,71079.0,163465.08333333334,121.5
barking and dagenham,2012,33131.0,7.09,37059.0,190560.0,55000.0,3780.0,71431.0,165863.91666666666,111.83333333333333
barking and dagenham,2013,32248.0,7.01,37214.0,194352.0,54000.0,3780.0,71937.0,173733.66666666666,149.0
barking and dagenham,2014,32698.0,7.32,36323.0,198294.0,59000.0,3780.0,72668.0,201172.25,188.25
barking and dagenham,2015,33018.0,7.45,36705.0,201979.0,62000.0,3780.0,73182.0,233460.08333333334,200.41666666666666
barking and dagenham,2016,30994.0,7.5,37959.0,206460.0,63000.0,3780.0,73914.0,273919.75,183.58333333333334
barking and dagenham,2017,28553.0,7.66,32093.0,210711.0,66000.0,3780.0,74510.0,287734.8333333333,172.5
barking and dagenham,2018,29995.0,7.52,32671.0,211998.0,66000.0,3780.0,74923.0,295196.6666666667,161.08333333333334
barking and dagenham,2019,28738.0,,32010.0,,,,,299294.1666666667,136.49916387959865
barnet,1999,19568.0,,23128.0,313469.0,,,,136004.41666666666,623.9166666666666
barnet,2000,21761.0,,25755.0,315784.0,138000.0,,,167952.66666666666,543.75
barnet,2001,20916.0,,26068.0,319481.0,138000.0,8675.0,130515.0,185563.33333333334,566.9166666666666
barnet,2002,23112.0,,30210.0,320552.0,135000.0,8675.0,130801.0,220746.16666666666,609.5833333333334
barnet,2003,23828.0,,30518.0,321802.0,138000.0,8675.0,131883.0,251212.83333333334,517.3333333333334
barnet,2004,,,30795.0,323723.0,135000.0,8675.0,132856.0,271854.0833333333,557.5833333333334
barnet,2005,27033.0,,31652.0,327541.0,136000.0,8675.0,133902.0,279459.6666666667,448.3333333333333
barnet,2006,26071.0,,30923.0,330801.0,138000.0,8675.0,134941.0,291337.75,562.6666666666666
barnet,2007,27436.0,,33007.0,334837.0,136000.0,8675.0,135429.0,326915.4166666667,571.75
barnet,2008,27978.0,,34468.0,339212.0,140000.0,8675.0,136680.0,330023.3333333333,286.5
barnet,2009,30496.0,,35013.0,345829.0,143000.0,8675.0,137769.0,299103.0,264.1666666666667
barnet,2010,30000.0,,34077.0,351438.0,141000.0,8675.0,138616.0,333128.0833333333,345.25
barnet,2011,30237.0,7.43,33062.0,357538.0,147000.0,8675.0,139346.0,338978.0,325.6666666666667
barnet,2012,29594.0,7.28,33044.0,363956.0,154000.0,8675.0,141461.0,358627.4166666667,337.9166666666667
barnet,2013,29353.0,7.4,33766.0,369088.0,159000.0,8675.0,142835.0,374770.5833333333,397.5833333333333
barnet,2014,31162.0,7.54,34936.0,374915.0,165000.0,8675.0,143948.0,430363.3333333333,421.5
barnet,2015,30900.0,7.53,34730.0,379691.0,168000.0,8675.0,145272.0,478688.0833333333,427.0833333333333
barnet,2016,32623.0,7.47,35315.0,386083.0,169000.0,8675.0,146730.0,525939.5,424.9166666666667
barnet,2017,32143.0,7.63,36818.0,387803.0,176000.0,8675.0,148529.0,538280.9166666666,335.6666666666667
barnet,2018,29927.0,7.55,36776.0,392140.0,170000.0,8675.0,150737.0,533266.4166666666,325.9166666666667
barnet,2019,31624.0,,37328.0,,,,,519552.5833333333,289.1652731326644
bexley,1999,18621.0,,21386.0,217458.0,,,,86777.66666666667,421.6666666666667
bexley,2000,19363.0,,22580.0,218717.0,76000.0,,,103186.5,364.0833333333333
bexley,2001,20217.0,,23559.0,218757.0,75000.0,6429.0,91606.0,116527.08333333333,439.1666666666667
bexley,2002,21101.0,,23517.0,219123.0,79000.0,6429.0,91908.0,136798.0,478.1666666666667
bexley,2003,22247.0,,24723.0,220016.0,77000.0,6429.0,92223.0,164482.08333333334,432.8333333333333
bexley,2004,20946.0,,24617.0,220917.0,85000.0,6429.0,92950.0,179141.25,422.1666666666667
bexley,2005,23936.0,,28162.0,222391.0,80000.0,6429.0,93220.0,186512.0,337.9166666666667
bexley,2006,24719.0,,28847.0,223280.0,73000.0,6429.0,93433.0,191831.25,416.5
bexley,2007,26457.0,,30375.0,224625.0,74000.0,6429.0,93746.0,208085.91666666666,417.0
bexley,2008,28326.0,,31305.0,226652.0,73000.0,6429.0,94078.0,210199.08333333334,207.25
bexley,2009,28222.0,,31988.0,228146.0,73000.0,6429.0,94371.0,189050.83333333334,181.08333333333334
bexley,2010,27738.0,,30821.0,230711.0,77000.0,6429.0,94798.0,200874.08333333334,205.83333333333334
bexley,2011,28638.0,7.42,31812.0,232774.0,78000.0,6429.0,95037.0,200672.08333333334,212.08333333333334
bexley,2012,27440.0,7.42,30833.0,234271.0,78000.0,6429.0,95240.0,202546.41666666666,239.5
bexley,2013,28512.0,7.28,32463.0,236687.0,80000.0,6429.0,95658.0,213470.25,281.5
bexley,2014,28505.0,7.52,31878.0,239865.0,80000.0,6429.0,96186.0,244459.58333333334,328.6666666666667
bexley,2015,29664.0,7.41,33367.0,242142.0,86000.0,6429.0,96996.0,274209.25,328.5
bexley,2016,,7.46,32666.0,244760.0,86000.0,6429.0,96864.0,321563.6666666667,285.6666666666667
bexley,2017,30733.0,7.42,33857.0,246124.0,91000.0,6429.0,97628.0,335694.4166666667,273.25
bexley,2018,,7.54,34496.0,247258.0,87000.0,6429.0,97905.0,342603.5833333333,254.66666666666666
bexley,2019,31642.0,,33978.0,,,,,337537.1666666667,250.04905239687847
brent,1999,18532.0,,20911.0,260317.0,,,,112157.41666666667,384.8333333333333
brent,2000,22348.0,,23726.0,264945.0,122000.0,,,140962.41666666666,368.75
brent,2001,21878.0,,24164.0,269620.0,116000.0,4323.0,101427.0,157287.33333333334,393.75
brent,2002,21350.0,,24071.0,269871.0,116000.0,4323.0,102828.0,185898.08333333334,400.25
brent,2003,23018.0,,29790.0,268323.0,119000.0,4323.0,103846.0,216501.75,352.1666666666667
brent,2004,23323.0,,25416.0,268335.0,119000.0,4323.0,104454.0,236023.41666666666,339.6666666666667
brent,2005,24209.0,,27371.0,270939.0,118000.0,4323.0,105093.0,241690.0,272.8333333333333
brent,2006,25279.0,,29712.0,276504.0,110000.0,4323.0,106768.0,253253.33333333334,328.0833333333333
brent,2007,25763.0,,28503.0,283273.0,111000.0,4323.0,107970.0,286995.3333333333,357.0833333333333
brent,2008,27326.0,,29631.0,290901.0,109000.0,4323.0,109037.0,292757.9166666667,171.66666666666666
brent,2009,27503.0,,31033.0,298118.0,110000.0,4323.0,110244.0,264402.0833333333,130.91666666666666
brent,2010,25997.0,,29353.0,304785.0,114000.0,4323.0,111414.0,289562.5833333333,199.08333333333334
brent,2011,26772.0,7.11,29609.0,312245.0,115000.0,4323.0,112083.0,298964.4166666667,182.58333333333334
brent,2012,27577.0,7.28,32089.0,314660.0,123000.0,4323.0,112643.0,314112.8333333333,171.41666666666666
brent,2013,28034.0,7.41,34480.0,317264.0,125000.0,4323.0,113305.0,339655.75,205.41666666666666
brent,2014,29514.0,7.24,33484.0,320762.0,131000.0,4323.0,114039.0,394687.4166666667,248.66666666666666
brent,2015,29987.0,7.55,34281.0,324012.0,136000.0,4323.0,115598.0,440951.75,260.5
brent,2016,30699.0,7.67,36579.0,328254.0,148000.0,4323.0,116649.0,489469.4166666667,249.33333333333334
brent,2017,30134.0,7.79,35840.0,329102.0,157000.0,4323.0,118013.0,487703.75,185.25
brent,2018,30366.0,7.71,35830.0,330795.0,157000.0,4323.0,118707.0,492845.3333333333,166.08333333333334
brent,2019,31739.0,,36816.0,,,,,474172.0,146.49609810479376
bromley,1999,16720.0,,21293.0,294902.0,,,,120874.08333333333,595.5833333333334
bromley,2000,16401.0,,21178.0,295317.0,115000.0,,,147826.91666666666,545.75
bromley,2001,15684.0,,19749.0,296218.0,114000.0,15013.0,128717.0,162131.83333333334,626.8333333333334
bromley,2002,16635.0,,21513.0,296668.0,119000.0,15013.0,128974.0,186646.08333333334,671.5
bromley,2003,19042.0,,25474.0,297253.0,125000.0,15013.0,129314.0,215993.08333333334,572.9166666666666
bromley,2004,21192.0,,27617.0,297307.0,126000.0,15013.0,129809.0,234462.66666666666,627.75
bromley,2005,24241.0,,29955.0,299421.0,125000.0,15013.0,130640.0,239786.25,527.9166666666666
bromley,2006,25715.0,,,300963.0,126000.0,15013.0,131387.0,249691.75,697.25
bromley,2007,25666.0,,35021.0,302625.0,136000.0,15013.0,132339.0,277230.0,664.0
bromley,2008,27236.0,,33378.0,304968.0,130000.0,15013.0,133112.0,277727.5,310.75
bromley,2009,26951.0,,33329.0,306924.0,119000.0,15013.0,133673.0,249909.25,325.5
bromley,2010,27712.0,,32841.0,308560.0,120000.0,15013.0,134298.0,271049.0833333333,364.9166666666667
bromley,2011,28163.0,7.5,32863.0,310554.0,119000.0,15013.0,135036.0,274874.5,361.25
bromley,2012,28082.0,7.6,33859.0,314036.0,122000.0,15013.0,135612.0,282025.0833333333,403.75
bromley,2013,28126.0,7.53,34133.0,317899.0,129000.0,15013.0,136304.0,296669.25,457.1666666666667
bromley,2014,27926.0,7.71,33458.0,321278.0,127000.0,15013.0,136453.0,347857.3333333333,514.0833333333334
bromley,2015,30444.0,7.54,35238.0,324857.0,124000.0,15013.0,136864.0,385681.5,504.5
bromley,2016,30861.0,7.6,35338.0,326889.0,134000.0,15013.0,137564.0,428008.1666666667,437.25
bromley,2017,29819.0,7.31,34354.0,329391.0,134000.0,15013.0,138422.0,441218.6666666667,400.5
bromley,2018,30762.0,7.57,35201.0,331096.0,127000.0,15013.0,138976.0,443410.0,386.9166666666667
bromley,2019,,,37564.0,,,,,437700.3333333333,373.7257525083612
camden,1999,23677.0,,30249.0,190003.0,,,,191090.66666666666,331.75
camden,2000,25484.0,,34864.0,196174.0,291000.0,,,247114.75,289.75
camden,2001,27386.0,,40033.0,202567.0,294000.0,2179.0,93112.0,278593.9166666667,299.1666666666667
camden,2002,27432.0,,34486.0,203972.0,287000.0,2179.0,93884.0,314179.5,320.9166666666667
camden,2003,30002.0,,38106.0,204254.0,279000.0,2179.0,94460.0,323053.8333333333,262.5
camden,2004,30510.0,,38595.0,207341.0,278000.0,2179.0,94841.0,351847.75,313.3333333333333
camden,2005,31358.0,,39826.0,211088.0,292000.0,2179.0,95563.0,368345.0833333333,276.5833333333333
camden,2006,32418.0,,40593.0,211032.0,280000.0,2179.0,96351.0,394819.5,346.3333333333333
camden,2007,33059.0,,40595.0,211520.0,296000.0,2179.0,96998.0,466485.5833333333,302.5
camden,2008,35314.0,,42816.0,210273.0,307000.0,2179.0,97517.0,501223.3333333333,171.0
camden,2009,36375.0,,45633.0,212924.0,309000.0,2179.0,98557.0,454627.9166666667,182.16666666666666
camden,2010,36527.0,,45461.0,214725.0,307000.0,2179.0,99139.0,513221.0833333333,227.75
camden,2011,35967.0,7.25,45588.0,220087.0,331000.0,2179.0,99828.0,554393.0,218.33333333333334
camden,2012,36962.0,7.24,44832.0,224962.0,344000.0,2179.0,100196.0,586166.0,201.08333333333334
camden,2013,36336.0,7.11,45539.0,229719.0,355000.0,2179.0,100760.0,667447.5833333334,244.16666666666666
camden,2014,36748.0,7.25,44629.0,234846.0,379000.0,2179.0,101214.0,756486.3333333334,231.66666666666666
camden,2015,36970.0,7.35,45489.0,241059.0,383000.0,2179.0,101653.0,787440.9166666666,207.25
camden,2016,37817.0,7.56,45644.0,246181.0,394000.0,2179.0,102618.0,807119.0,183.08333333333334
camden,2017,38147.0,7.31,44970.0,253361.0,398000.0,2179.0,103826.0,839347.5,182.91666666666666
camden,2018,39198.0,7.48,46502.0,262226.0,403000.0,2179.0,104771.0,842410.5,153.25
camden,2019,40196.0,,49115.0,,,,,838532.9166666666,136.64186176142698
city of london,1999,33020.0,,48922.0,6581.0,,,,171300.08333333334,44.666666666666664
city of london,2000,34903.0,,52203.0,7014.0,361000.0,,,218679.0,35.666666666666664
city of london,2001,39104.0,,62819.0,7359.0,339000.0,315.0,5009.0,250625.58333333334,30.583333333333332
city of london,2002,39750.0,,56450.0,7280.0,344000.0,315.0,5117.0,269632.25,32.666666666666664
city of london,2003,41795.0,,64272.0,7115.0,344000.0,315.0,5126.0,270811.3333333333,40.0
city of london,2004,43347.0,,66628.0,7118.0,332000.0,315.0,5263.0,301032.8333333333,31.416666666666668
city of london,2005,45000.0,,74004.0,7131.0,343000.0,315.0,5374.0,311783.6666666667,25.25
city of london,2006,46292.0,,85886.0,7254.0,337000.0,315.0,5374.0,338518.5833333333,24.5
city of london,2007,49955.0,,86778.0,7607.0,350000.0,315.0,5375.0,433838.4166666667,22.5
city of london,2008,50503.0,,82973.0,7429.0,348000.0,315.0,5421.0,427296.8333333333,11.666666666666666
city of london,2009,52092.0,,80769.0,7472.0,362000.0,315.0,5467.0,383417.8333333333,13.083333333333334
city of london,2010,52271.0,,81938.0,7338.0,388000.0,315.0,5459.0,453662.8333333333,19.666666666666668
city of london,2011,54381.0,,90842.0,7412.0,436000.0,315.0,5513.0,463930.8333333333,21.25
city of london,2012,54000.0,,86987.0,7604.0,449000.0,315.0,5531.0,525327.5,16.416666666666668
city of london,2013,54202.0,,83403.0,7648.0,463000.0,315.0,5566.0,570008.6666666666,36.083333333333336
city of london,2014,54710.0,,82808.0,8072.0,498000.0,315.0,6003.0,709385.4166666666,26.916666666666668
city of london,2015,54034.0,,77754.0,8760.0,541000.0,315.0,6229.0,760253.1666666666,25.666666666666668
city of london,2016,55487.0,,79489.0,9401.0,586000.0,315.0,6306.0,818315.5,14.333333333333334
city of london,2017,56295.0,,80655.0,7654.0,626000.0,315.0,6313.0,849790.1666666666,18.25
city of london,2018,61203.0,,90028.0,8706.0,640000.0,315.0,6451.0,784809.0,32.666666666666664
city of london,2019,61636.0,,88342.0,,,,,786983.0833333334,12.697603121516165
croydon,1999,19563.0,,22205.0,332066.0,,,,97173.25,658.9166666666666
croydon,2000,21339.0,,23440.0,334241.0,160000.0,,,118777.41666666667,506.4166666666667
croydon,2001,20889.0,,23994.0,335112.0,156000.0,8650.0,141300.0,132509.33333333334,576.0
croydon,2002,22675.0,,25815.0,335415.0,149000.0,8650.0,141424.0,157022.75,708.6666666666666
croydon,2003,22838.0,,26920.0,335919.0,153000.0,8650.0,141819.0,185784.08333333334,628.8333333333334
croydon,2004,24371.0,,28816.0,337134.0,153000.0,8650.0,142177.0,198588.66666666666,632.1666666666666
croydon,2005,24652.0,,28101.0,339052.0,150000.0,8650.0,142566.0,204407.33333333334,520.5833333333334
croydon,2006,26049.0,,29842.0,340449.0,148000.0,8650.0,142961.0,212111.25,670.4166666666666
croydon,2007,25965.0,,29341.0,344029.0,152000.0,8650.0,143714.0,233665.75,681.6666666666666
croydon,2008,27482.0,,31842.0,349308.0,146000.0,8650.0,144896.0,235998.5,319.3333333333333
croydon,2009,28225.0,,33826.0,352763.0,134000.0,8650.0,146152.0,203706.41666666666,278.9166666666667
croydon,2010,28586.0,,33117.0,357951.0,138000.0,8650.0,147249.0,218639.83333333334,302.0833333333333
croydon,2011,28979.0,7.04,33050.0,364815.0,136000.0,8650.0,148099.0,215427.58333333334,291.0833333333333
croydon,2012,28974.0,7.01,33831.0,368886.0,141000.0,8650.0,148806.0,221817.08333333334,301.4166666666667
croydon,2013,30939.0,7.36,35213.0,372752.0,130000.0,8650.0,149697.0,234439.83333333334,404.3333333333333
croydon,2014,31154.0,7.35,34769.0,376040.0,142000.0,8650.0,150992.0,274827.4166666667,500.8333333333333
croydon,2015,30628.0,7.45,34199.0,379031.0,144000.0,8650.0,152515.0,307064.1666666667,480.5
croydon,2016,31479.0,7.68,,382304.0,149000.0,8650.0,154559.0,355846.6666666667,442.6666666666667
croydon,2017,32109.0,7.49,35839.0,384837.0,155000.0,8650.0,157394.0,372554.4166666667,417.9166666666667
croydon,2018,33804.0,7.69,36880.0,385346.0,149000.0,8650.0,159470.0,370298.4166666667,348.5833333333333
croydon,2019,35237.0,,38363.0,,,,,365350.8333333333,334.914994425864
ealing,1999,20580.0,,25046.0,302252.0,,,,126278.33333333333,512.6666666666666
ealing,2000,22512.0,,26615.0,304370.0,134000.0,,,153309.41666666666,438.9166666666667
ealing,2001,23862.0,,29516.0,307276.0,134000.0,5554.0,120331.0,170190.5,503.0833333333333
ealing,2002,24542.0,,29470.0,309242.0,133000.0,5554.0,120590.0,198426.75,519.0
ealing,2003,24349.0,,30117.0,308108.0,137000.0,5554.0,120922.0,221689.16666666666,479.0833333333333
ealing,2004,26722.0,,31153.0,310073.0,136000.0,5554.0,121428.0,241038.58333333334,500.6666666666667
ealing,2005,27235.0,,32106.0,312774.0,138000.0,5554.0,121910.0,244871.91666666666,406.75
ealing,2006,26354.0,,32130.0,315329.0,136000.0,5554.0,122744.0,260206.25,540.1666666666666
ealing,2007,27490.0,,34374.0,318671.0,140000.0,5554.0,124111.0,293783.8333333333,513.1666666666666
ealing,2008,29439.0,,35772.0,324022.0,131000.0,5554.0,125531.0,295324.5,226.66666666666666
ealing,2009,28234.0,,34873.0,329966.0,128000.0,5554.0,126381.0,264041.9166666667,197.33333333333334
ealing,2010,28732.0,,33845.0,334073.0,128000.0,5554.0,126901.0,292825.75,264.0833333333333
ealing,2011,28646.0,7.22,34725.0,339314.0,148000.0,5554.0,127187.0,302306.9166666667,250.91666666666666
ealing,2012,31104.0,7.22,35024.0,340671.0,148000.0,5554.0,127872.0,318697.75,269.75
ealing,2013,29733.0,7.24,33210.0,342494.0,152000.0,5554.0,128862.0,338088.8333333333,320.6666666666667
ealing,2014,28825.0,7.6,32716.0,342118.0,159000.0,5554.0,129631.0,400039.1666666667,291.8333333333333
ealing,2015,28657.0,7.65,31980.0,343059.0,163000.0,5554.0,130528.0,438310.5833333333,305.75
ealing,2016,29241.0,7.42,34468.0,343196.0,168000.0,5554.0,131249.0,476440.6666666667,264.6666666666667
ealing,2017,30259.0,7.55,36039.0,342736.0,168000.0,5554.0,132094.0,484592.0833333333,232.25
ealing,2018,29928.0,7.53,36304.0,341982.0,148000.0,5554.0,133551.0,480050.5833333333,232.66666666666666
ealing,2019,31021.0,,36420.0,,,,,472601.4166666667,218.00278706800444
enfield,1999,19289.0,,21006.0,272731.0,,,,101987.0,545.3333333333334
enfield,2000,22467.0,,25198.0,275068.0,113000.0,,,121839.33333333333,477.3333333333333
enfield,2001,24136.0,,27605.0,277266.0,111000.0,8220.0,112948.0,135713.16666666666,589.4166666666666
enfield,2002,24654.0,,26835.0,280745.0,104000.0,8220.0,114131.0,159790.91666666666,603.0833333333334
enfield,2003,22463.0,,25595.0,281835.0,111000.0,8220.0,115274.0,190572.58333333334,526.75
enfield,2004,27414.0,,31068.0,282217.0,110000.0,8220.0,116338.0,205848.16666666666,517.6666666666666
enfield,2005,24594.0,,27568.0,284779.0,116000.0,8220.0,117056.0,212548.66666666666,421.5
enfield,2006,25088.0,,28912.0,287429.0,106000.0,8220.0,117614.0,219541.66666666666,526.0
enfield,2007,26325.0,,28949.0,291534.0,108000.0,8220.0,118667.0,243911.66666666666,534.6666666666666
enfield,2008,25550.0,,28930.0,297443.0,111000.0,8220.0,119946.0,245839.33333333334,256.5
enfield,2009,27828.0,,31584.0,301971.0,107000.0,8220.0,120623.0,221993.25,211.5
enfield,2010,26967.0,,32009.0,307648.0,112000.0,8220.0,121243.0,242127.41666666666,240.66666666666666
enfield,2011,26412.0,7.23,31797.0,313935.0,110000.0,8220.0,122042.0,241991.25,226.41666666666666
enfield,2012,27123.0,7.24,31749.0,317287.0,117000.0,8220.0,122339.0,247667.25,233.41666666666666
enfield,2013,25805.0,7.28,30011.0,320524.0,118000.0,8220.0,122888.0,261604.41666666666,284.6666666666667
enfield,2014,25805.0,7.45,29804.0,324574.0,127000.0,8220.0,123400.0,294515.6666666667,325.3333333333333
enfield,2015,26230.0,7.3,31041.0,328433.0,133000.0,8220.0,123799.0,335503.6666666667,314.25
enfield,2016,28918.0,7.29,33076.0,331395.0,129000.0,8220.0,124471.0,385489.75,269.9166666666667
enfield,2017,29134.0,7.34,34096.0,332705.0,126000.0,8220.0,125369.0,395929.1666666667,235.75
enfield,2018,29238.0,7.37,37030.0,333869.0,133000.0,8220.0,125755.0,396631.6666666667,213.08333333333334
enfield,2019,28258.0,,36320.0,,,,,393185.9166666667,220.6206800445931
greenwich,1999,21236.0,,22263.0,212168.0,,,,90879.16666666667,354.8333333333333
greenwich,2000,22121.0,,23689.0,214438.0,84000.0,,,110163.0,315.3333333333333
greenwich,2001,20761.0,,23932.0,217460.0,71000.0,5044.0,95406.0,125820.0,397.75
greenwich,2002,21846.0,,23853.0,221476.0,73000.0,5044.0,95972.0,147421.5,449.5833333333333
greenwich,2003,23600.0,,26002.0,224303.0,76000.0,5044.0,96746.0,171042.58333333334,411.8333333333333
greenwich,2004,25387.0,,27369.0,227190.0,77000.0,5044.0,98182.0,186893.66666666666,469.9166666666667
greenwich,2005,26330.0,,29105.0,230494.0,81000.0,5044.0,99807.0,196343.91666666666,391.5
greenwich,2006,27363.0,,29714.0,233990.0,81000.0,5044.0,101194.0,207167.33333333334,438.0833333333333
greenwich,2007,29319.0,,32003.0,236535.0,82000.0,5044.0,101931.0,228861.91666666666,431.75
greenwich,2008,30766.0,,33637.0,239748.0,81000.0,5044.0,102257.0,231136.08333333334,198.91666666666666
greenwich,2009,29871.0,,33344.0,243672.0,80000.0,5044.0,102560.0,210322.58333333334,161.41666666666666
greenwich,2010,31821.0,,34526.0,249171.0,82000.0,5044.0,102651.0,229069.5,186.08333333333334
greenwich,2011,29932.0,7.18,32581.0,255483.0,81000.0,5044.0,103186.0,229295.41666666666,213.33333333333334
greenwich,2012,30097.0,7.15,32764.0,260068.0,82000.0,5044.0,104509.0,236980.83333333334,230.33333333333334
greenwich,2013,29251.0,7.15,33060.0,264008.0,86000.0,5044.0,104623.0,253399.25,294.5
greenwich,2014,28954.0,7.33,31690.0,268678.0,95000.0,5044.0,105735.0,298351.5833333333,385.4166666666667
greenwich,2015,30497.0,7.23,33856.0,274803.0,96000.0,5044.0,106883.0,331848.9166666667,358.4166666666667
greenwich,2016,30180.0,7.28,33568.0,279766.0,96000.0,5044.0,108603.0,372737.75,316.8333333333333
greenwich,2017,32635.0,7.47,35702.0,282849.0,102000.0,5044.0,110983.0,391749.8333333333,294.6666666666667
greenwich,2018,33163.0,7.54,36288.0,286186.0,106000.0,5044.0,112884.0,388344.4166666667,291.0
greenwich,2019,33081.0,,36425.0,,,,,391435.1666666667,253.90022296544035
hackney,1999,23249.0,,39629.0,199087.0,,,,105533.0,255.41666666666666
hackney,2000,24083.0,,,203381.0,102000.0,,,132727.5,226.16666666666666
hackney,2001,24095.0,,,207246.0,108000.0,1905.0,87208.0,153406.41666666666,274.0833333333333
hackney,2002,24582.0,,32321.0,210961.0,108000.0,1905.0,88557.0,180269.33333333334,304.6666666666667
hackney,2003,25149.0,,31035.0,212405.0,98000.0,1905.0,90216.0,201071.41666666666,230.33333333333334
hackney,2004,26687.0,,31862.0,213581.0,96000.0,1905.0,91588.0,217677.25,276.8333333333333
hackney,2005,28923.0,,35597.0,216512.0,95000.0,1905.0,92738.0,227937.0,212.0
hackney,2006,30105.0,,34874.0,220193.0,88000.0,1905.0,93941.0,253254.5,282.4166666666667
hackney,2007,28996.0,,35390.0,224480.0,95000.0,1905.0,95391.0,290396.8333333333,296.25
hackney,2008,31589.0,,39016.0,231041.0,96000.0,1905.0,97302.0,311770.5,140.91666666666666
hackney,2009,33107.0,,46556.0,236622.0,101000.0,1905.0,99689.0,282240.75,154.33333333333334
hackney,2010,35149.0,,44663.0,241739.0,101000.0,1905.0,101657.0,300491.0,182.25
hackney,2011,33512.0,7.0,42089.0,247182.0,113000.0,1905.0,102408.0,308698.3333333333,184.75
hackney,2012,34803.0,7.07,41030.0,252119.0,112000.0,1905.0,103565.0,325492.6666666667,218.16666666666666
hackney,2013,33097.0,7.05,39044.0,257379.0,111000.0,1905.0,104365.0,372669.0,226.66666666666666
hackney,2014,33116.0,7.43,40241.0,263150.0,131000.0,1905.0,105490.0,456388.5,243.16666666666666
hackney,2015,31566.0,7.31,38327.0,269009.0,136000.0,1905.0,106748.0,506799.0833333333,243.5
hackney,2016,32404.0,7.26,39387.0,273526.0,143000.0,1905.0,107574.0,537746.3333333334,204.66666666666666
hackney,2017,33618.0,7.34,42457.0,275929.0,139000.0,1905.0,108770.0,549005.5,189.91666666666666
hackney,2018,35286.0,7.5,40439.0,279665.0,152000.0,1905.0,110037.0,544640.4166666666,166.5
hackney,2019,35020.0,,42067.0,,,,,558008.8333333334,162.46516164994426
hammersmith and fulham,1999,25000.0,,28555.0,160634.0,,,,198901.33333333334,350.1666666666667
hammersmith and fulham,2000,25264.0,,28742.0,164393.0,120000.0,,,247266.33333333334,293.6666666666667
hammersmith and fulham,2001,26319.0,,30968.0,169374.0,123000.0,1715.0,77095.0,271918.9166666667,299.3333333333333
hammersmith and fulham,2002,28012.0,,37855.0,171989.0,119000.0,1715.0,77287.0,302459.0833333333,328.75
hammersmith and fulham,2003,29831.0,,35226.0,171510.0,125000.0,1715.0,77609.0,318805.75,277.6666666666667
hammersmith and fulham,2004,29830.0,,37273.0,172083.0,128000.0,1715.0,78198.0,343381.0,307.6666666666667
hammersmith and fulham,2005,30787.0,,42492.0,173292.0,136000.0,1715.0,78666.0,362575.5833333333,265.75
hammersmith and fulham,2006,30464.0,,42838.0,174675.0,133000.0,1715.0,79315.0,397586.4166666667,342.0833333333333
hammersmith and fulham,2007,33535.0,,46996.0,176472.0,134000.0,1715.0,79969.0,474140.75,314.6666666666667
hammersmith and fulham,2008,,,46620.0,177088.0,135000.0,1715.0,80510.0,474947.8333333333,135.5
hammersmith and fulham,2009,36525.0,,45516.0,180116.0,132000.0,1715.0,80994.0,435456.5833333333,159.83333333333334
hammersmith and fulham,2010,35033.0,,42271.0,180842.0,139000.0,1715.0,81902.0,502256.8333333333,207.41666666666666
hammersmith and fulham,2011,36143.0,7.38,42531.0,182445.0,140000.0,1715.0,82390.0,518573.75,224.25
hammersmith and fulham,2012,35136.0,7.21,44065.0,179850.0,147000.0,1715.0,82861.0,567082.0,216.33333333333334
hammersmith and fulham,2013,34554.0,7.4,42349.0,178685.0,141000.0,1715.0,83281.0,631529.0833333334,251.08333333333334
hammersmith and fulham,2014,33688.0,7.56,38677.0,178365.0,148000.0,1715.0,83907.0,721099.75,239.16666666666666
hammersmith and fulham,2015,34652.0,7.68,38176.0,179410.0,154000.0,1715.0,85267.0,760833.75,204.0
hammersmith and fulham,2016,35000.0,7.47,40291.0,179654.0,157000.0,1715.0,85635.0,755097.5,183.58333333333334
hammersmith and fulham,2017,36972.0,7.34,45218.0,182998.0,159000.0,1715.0,86609.0,756900.4166666666,179.16666666666666
hammersmith and fulham,2018,40972.0,7.72,44781.0,185426.0,155000.0,1715.0,88140.0,725525.3333333334,185.58333333333334
hammersmith and fulham,2019,37990.0,,48362.0,,,,,720648.6666666666,149.38071348940915
haringey,1999,18783.0,,21683.0,218559.0,,,,120083.5,387.9166666666667
haringey,2000,19772.0,,,219845.0,74000.0,,,145997.25,341.0
haringey,2001,20349.0,,21748.0,221251.0,75000.0,2960.0,93638.0,165127.08333333334,373.5
haringey,2002,21972.0,,23632.0,224474.0,75000.0,2960.0,94321.0,195801.33333333334,377.6666666666667
haringey,2003,22422.0,,24551.0,225027.0,78000.0,2960.0,95142.0,220320.08333333334,318.9166666666667
haringey,2004,23481.0,,26260.0,226472.0,78000.0,2960.0,95714.0,236265.16666666666,363.75
haringey,2005,24626.0,,26991.0,229271.0,84000.0,2960.0,97169.0,245820.66666666666,289.25
haringey,2006,27020.0,,29726.0,233174.0,82000.0,2960.0,98339.0,263920.8333333333,385.0
haringey,2007,26281.0,,29032.0,236793.0,81000.0,2960.0,99827.0,305509.4166666667,356.5
haringey,2008,29859.0,,31703.0,244459.0,78000.0,2960.0,100960.0,303396.0,165.5
haringey,2009,28515.0,,30817.0,249805.0,75000.0,2960.0,102294.0,276214.0833333333,153.16666666666666
haringey,2010,29597.0,,32517.0,252742.0,72000.0,2960.0,103430.0,314479.8333333333,193.25
haringey,2011,28032.0,7.11,30446.0,255540.0,74000.0,2960.0,104173.0,326468.25,189.5
haringey,2012,29116.0,7.17,31874.0,258912.0,80000.0,2960.0,105456.0,339685.9166666667,203.58333333333334
haringey,2013,29609.0,7.28,32408.0,263386.0,84000.0,2960.0,106033.0,372233.6666666667,222.08333333333334
haringey,2014,30325.0,7.38,33616.0,267541.0,90000.0,2960.0,106507.0,435807.8333333333,243.83333333333334
haringey,2015,30072.0,7.26,33919.0,272864.0,93000.0,2960.0,106640.0,480636.0833333333,230.41666666666666
haringey,2016,29753.0,7.56,32799.0,278451.0,92000.0,2960.0,106879.0,527676.6666666666,191.0
haringey,2017,31442.0,7.6,35729.0,271224.0,92000.0,2960.0,107620.0,557307.0833333334,163.0
haringey,2018,29801.0,7.35,34178.0,270624.0,91000.0,2960.0,108820.0,551560.6666666666,170.75
haringey,2019,30452.0,,35251.0,,,,,548686.9166666666,157.70373467112597
harrow,1999,20596.0,,22824.0,207909.0,,,,126687.58333333333,370.3333333333333
harrow,2000,22238.0,,24973.0,209114.0,81000.0,,,152494.25,326.1666666666667
harrow,2001,22960.0,,26650.0,210044.0,80000.0,5046.0,80734.0,170250.16666666666,357.8333333333333
harrow,2002,23176.0,,26303.0,212336.0,80000.0,5046.0,80963.0,202680.83333333334,373.4166666666667
harrow,2003,22796.0,,27980.0,213728.0,83000.0,5046.0,81524.0,232598.41666666666,348.5833333333333
harrow,2004,24750.0,,29745.0,216267.0,81000.0,5046.0,82053.0,252291.83333333334,333.4166666666667
harrow,2005,26162.0,,30339.0,221109.0,81000.0,5046.0,82704.0,255332.66666666666,273.5833333333333
harrow,2006,25575.0,,30342.0,223632.0,83000.0,5046.0,83363.0,265448.0,357.9166666666667
harrow,2007,26107.0,,31063.0,226355.0,83000.0,5046.0,84072.0,293492.1666666667,332.0
harrow,2008,27627.0,,31746.0,229567.0,77000.0,5046.0,84535.0,294650.1666666667,179.33333333333334
harrow,2009,27532.0,,31352.0,233495.0,77000.0,5046.0,85395.0,263036.1666666667,161.0
harrow,2010,27921.0,,32746.0,237451.0,78000.0,5046.0,85994.0,292166.0833333333,187.08333333333334
harrow,2011,27540.0,7.31,32342.0,240499.0,76000.0,5046.0,86524.0,296477.8333333333,179.66666666666666
harrow,2012,26738.0,7.37,31817.0,242377.0,79000.0,5046.0,86994.0,304904.5,188.66666666666666
harrow,2013,25784.0,7.51,31504.0,243373.0,78000.0,5046.0,87709.0,319397.6666666667,214.5
harrow,2014,26037.0,7.49,29957.0,246011.0,89000.0,5046.0,88004.0,360795.8333333333,233.58333333333334
harrow,2015,26770.0,7.65,31404.0,247130.0,88000.0,5046.0,88414.0,408604.5833333333,258.9166666666667
harrow,2016,30134.0,7.64,34743.0,248752.0,93000.0,5046.0,89324.0,453862.3333333333,197.41666666666666
harrow,2017,31255.0,7.79,39293.0,248880.0,97000.0,5046.0,89980.0,470763.4166666667,175.16666666666666
harrow,2018,30553.0,7.65,35325.0,250149.0,91000.0,5046.0,90680.0,465907.5,186.16666666666666
harrow,2019,32809.0,,37172.0,,,,,449370.6666666667,177.41248606466
havering,1999,17165.0,,18786.0,225712.0,,,,92889.33333333333,361.25
havering,2000,17418.0,,19309.0,225141.0,89000.0,,,109432.66666666667,313.4166666666667
havering,2001,17940.0,,20002.0,224717.0,88000.0,11446.0,93792.0,124071.33333333333,388.25
havering,2002,16123.0,,19520.0,225054.0,91000.0,11446.0,94194.0,149066.0,406.75
havering,2003,18250.0,,21167.0,225248.0,92000.0,11446.0,94553.0,179117.83333333334,375.4166666666667
havering,2004,18240.0,,21505.0,225769.0,92000.0,11446.0,95182.0,195992.41666666666,402.4166666666667
havering,2005,24296.0,,27736.0,226990.0,89000.0,11446.0,95727.0,204047.33333333334,329.4166666666667
havering,2006,26394.0,,28459.0,228198.0,86000.0,11446.0,96191.0,211316.5,423.0
havering,2007,26079.0,,29418.0,229789.0,82000.0,11446.0,97132.0,233534.83333333334,449.3333333333333
havering,2008,28800.0,,32386.0,231793.0,87000.0,11446.0,97551.0,231473.75,216.58333333333334
havering,2009,28317.0,,30993.0,234127.0,80000.0,11446.0,98289.0,205962.08333333334,199.25
havering,2010,28235.0,,32068.0,236234.0,82000.0,11446.0,98805.0,220413.25,226.83333333333334
havering,2011,28415.0,7.35,31947.0,237927.0,82000.0,11446.0,99184.0,219558.83333333334,215.58333333333334
havering,2012,28326.0,7.36,31759.0,239733.0,84000.0,11446.0,99226.0,221601.91666666666,234.16666666666666
havering,2013,29858.0,7.51,32758.0,242080.0,91000.0,11446.0,99463.0,226428.83333333334,297.8333333333333
havering,2014,30003.0,7.62,33536.0,245974.0,90000.0,11446.0,99619.0,259267.25,353.8333333333333
havering,2015,30591.0,7.69,33850.0,249085.0,93000.0,11446.0,100261.0,291844.8333333333,349.0
havering,2016,28906.0,7.53,33025.0,252783.0,100000.0,11446.0,101273.0,341803.9166666667,314.8333333333333
havering,2017,29134.0,7.58,33432.0,256039.0,103000.0,11446.0,101716.0,360479.3333333333,300.0
havering,2018,30181.0,7.68,34484.0,257810.0,108000.0,11446.0,101993.0,370248.9166666667,293.0
havering,2019,32321.0,,37161.0,,,,,364822.1666666667,261.84810479375693
hillingdon,1999,24002.0,,28854.0,245053.0,,,,108925.33333333333,492.9166666666667
hillingdon,2000,25038.0,,29755.0,245911.0,177000.0,,,131432.25,423.1666666666667
hillingdon,2001,26051.0,,30465.0,245616.0,185000.0,11570.0,99060.0,145293.66666666666,389.5833333333333
hillingdon,2002,26159.0,,30463.0,247063.0,182000.0,11570.0,99328.0,172147.16666666666,476.5
hillingdon,2003,26774.0,,30875.0,248054.0,182000.0,11570.0,99766.0,202707.66666666666,459.8333333333333
hillingdon,2004,28003.0,,31685.0,248691.0,196000.0,11570.0,100306.0,215696.08333333334,463.1666666666667
hillingdon,2005,29351.0,,32725.0,251430.0,196000.0,11570.0,100646.0,222899.83333333334,373.4166666666667
hillingdon,2006,28771.0,,32034.0,254387.0,201000.0,11570.0,101241.0,231405.16666666666,453.0833333333333
hillingdon,2007,30290.0,,33992.0,256981.0,202000.0,11570.0,101525.0,253838.58333333334,452.5
hillingdon,2008,31291.0,,37349.0,261051.0,206000.0,11570.0,102020.0,255580.25,253.91666666666666
hillingdon,2009,31584.0,,37424.0,265665.0,197000.0,11570.0,102901.0,228275.83333333334,214.33333333333334
hillingdon,2010,31586.0,,38406.0,269465.0,192000.0,11570.0,103508.0,247991.58333333334,256.0833333333333
hillingdon,2011,33589.0,7.4,39436.0,275499.0,202000.0,11570.0,103907.0,251781.66666666666,280.0833333333333
hillingdon,2012,33822.0,7.37,39849.0,281756.0,213000.0,11570.0,104896.0,260476.5,274.8333333333333
hillingdon,2013,35738.0,7.5,40911.0,286808.0,213000.0,11570.0,106363.0,270594.75,279.5833333333333
hillingdon,2014,33984.0,7.63,42606.0,292690.0,220000.0,11570.0,106917.0,305781.9166666667,319.25
hillingdon,2015,32681.0,7.46,40529.0,297735.0,202000.0,11570.0,107462.0,352748.4166666667,319.9166666666667
hillingdon,2016,33093.0,7.68,39729.0,302471.0,204000.0,11570.0,108171.0,400791.4166666667,285.5
hillingdon,2017,33596.0,7.55,41156.0,302343.0,216000.0,11570.0,108935.0,413586.6666666667,275.9166666666667
hillingdon,2018,31886.0,7.76,39670.0,304824.0,209000.0,11570.0,109777.0,410266.0,251.41666666666666
hillingdon,2019,35231.0,,41686.0,,,,,404784.6666666667,241.18645484949832
hounslow,1999,20155.0,,24602.0,214298.0,,,,112073.66666666667,349.75
hounslow,2000,23230.0,,27632.0,214731.0,146000.0,,,136624.83333333334,336.4166666666667
hounslow,2001,22853.0,,28795.0,215976.0,150000.0,5659.0,85810.0,153623.0,370.0833333333333
hounslow,2002,24399.0,,32582.0,216888.0,136000.0,5659.0,86521.0,175132.08333333334,404.75
hounslow,2003,26019.0,,33322.0,216498.0,135000.0,5659.0,87433.0,198261.16666666666,379.0833333333333
hounslow,2004,27457.0,,34015.0,219440.0,130000.0,5659.0,88608.0,215827.08333333334,384.0833333333333
hounslow,2005,29584.0,,35410.0,223776.0,139000.0,5659.0,89509.0,222920.91666666666,301.6666666666667
hounslow,2006,26853.0,,34303.0,228126.0,132000.0,5659.0,90367.0,237044.58333333334,395.0833333333333
hounslow,2007,27547.0,,34303.0,233454.0,136000.0,5659.0,92108.0,260228.16666666666,399.1666666666667
hounslow,2008,29475.0,,39109.0,237907.0,137000.0,5659.0,94100.0,262945.5833333333,191.25
hounslow,2009,31672.0,,42241.0,243366.0,138000.0,5659.0,94969.0,236242.66666666666,150.91666666666666
hounslow,2010,31307.0,,41634.0,249236.0,143000.0,5659.0,95893.0,257449.58333333334,204.83333333333334
hounslow,2011,32759.0,7.26,41142.0,254927.0,150000.0,5659.0,96892.0,264605.3333333333,191.16666666666666
hounslow,2012,31821.0,7.35,41688.0,259052.0,160000.0,5659.0,97472.0,267958.1666666667,197.41666666666666
hounslow,2013,31173.0,7.33,38522.0,262407.0,167000.0,5659.0,97704.0,290577.3333333333,237.5
hounslow,2014,33038.0,7.57,41473.0,265568.0,164000.0,5659.0,98390.0,324525.8333333333,277.9166666666667
hounslow,2015,33717.0,7.54,43037.0,268770.0,187000.0,5659.0,98787.0,351438.0,277.75
hounslow,2016,36235.0,7.96,47577.0,271139.0,197000.0,5659.0,99267.0,386462.0,245.33333333333334
hounslow,2017,34119.0,7.34,42932.0,269100.0,186000.0,5659.0,99824.0,400904.5,221.66666666666666
hounslow,2018,35935.0,7.85,46102.0,270782.0,178000.0,5659.0,100735.0,396631.0833333333,191.83333333333334
hounslow,2019,36487.0,,50418.0,,,,,401851.3333333333,170.15496098104794
islington,1999,25113.0,,34180.0,175717.0,,,,155589.66666666666,306.9166666666667
islington,2000,26598.0,,35135.0,177852.0,173000.0,,,192634.16666666666,241.16666666666666
islington,2001,28323.0,,44989.0,179387.0,168000.0,1486.0,83244.0,219818.33333333334,271.5833333333333
islington,2002,33497.0,,54080.0,180118.0,169000.0,1486.0,84255.0,247761.16666666666,275.5833333333333
islington,2003,33579.0,,49632.0,180899.0,177000.0,1486.0,85984.0,262085.33333333334,233.66666666666666
islington,2004,30410.0,,40812.0,180831.0,179000.0,1486.0,87263.0,285947.0833333333,247.91666666666666
islington,2005,30499.0,,37231.0,183477.0,192000.0,1486.0,87942.0,295082.0,251.25
islington,2006,33995.0,,50794.0,185283.0,181000.0,1486.0,88820.0,319644.8333333333,331.25
islington,2007,34779.0,,53641.0,188636.0,201000.0,1486.0,90650.0,385665.5,308.8333333333333
islington,2008,36357.0,,58261.0,192089.0,205000.0,1486.0,92378.0,386792.4166666667,189.5
islington,2009,36981.0,,55027.0,196704.0,206000.0,1486.0,94707.0,345284.3333333333,195.75
islington,2010,34551.0,,49859.0,200129.0,197000.0,1486.0,96301.0,398055.0833333333,233.5
islington,2011,35996.0,7.09,60068.0,206285.0,201000.0,1486.0,96872.0,424103.75,214.75
islington,2012,36653.0,7.14,58131.0,211047.0,206000.0,1486.0,98096.0,442090.25,236.41666666666666
islington,2013,37325.0,7.35,56967.0,215671.0,220000.0,1486.0,99015.0,495766.25,249.83333333333334
islington,2014,36751.0,7.36,59007.0,221030.0,231000.0,1486.0,100258.0,585171.3333333334,239.66666666666666
islington,2015,36679.0,7.29,49576.0,227692.0,250000.0,1486.0,100756.0,643147.8333333334,198.5
islington,2016,39894.0,7.38,52885.0,232865.0,251000.0,1486.0,101783.0,642137.0,195.0
islington,2017,39348.0,7.38,52752.0,235000.0,247000.0,1486.0,102457.0,650114.6666666666,141.16666666666666
islington,2018,40000.0,7.51,53489.0,239142.0,255000.0,1486.0,102824.0,649824.0833333334,146.0
islington,2019,41076.0,,53466.0,,,,,634966.8333333334,151.52759197324414
kensington and chelsea,1999,20646.0,,28074.0,147678.0,,,,311455.3333333333,418.0833333333333
kensington and chelsea,2000,22952.0,,28782.0,154661.0,147000.0,,,376802.25,358.0
kensington and chelsea,2001,24979.0,,32475.0,162199.0,149000.0,1238.0,83751.0,420129.5,328.3333333333333
kensington and chelsea,2002,26649.0,,35481.0,163827.0,140000.0,1238.0,83819.0,460382.3333333333,366.9166666666667
kensington and chelsea,2003,26213.0,,35812.0,165268.0,133000.0,1238.0,83965.0,460490.5,287.5833333333333
kensington and chelsea,2004,26846.0,,37784.0,165752.0,131000.0,1238.0,84363.0,512186.6666666667,333.8333333333333
kensington and chelsea,2005,26855.0,,33106.0,168375.0,134000.0,1238.0,84518.0,520206.25,279.1666666666667
kensington and chelsea,2006,26619.0,,33350.0,165245.0,132000.0,1238.0,84596.0,598007.5,350.6666666666667
kensington and chelsea,2007,28355.0,,33248.0,162883.0,128000.0,1238.0,84630.0,746679.25,307.6666666666667
kensington and chelsea,2008,30217.0,,37538.0,162579.0,131000.0,1238.0,84577.0,784834.5833333334,141.41666666666666
kensington and chelsea,2009,29901.0,,36101.0,161893.0,129000.0,1238.0,84553.0,705187.5,168.25
kensington and chelsea,2010,30196.0,,36450.0,160463.0,129000.0,1238.0,84756.0,837314.9166666666,202.5
kensington and chelsea,2011,31491.0,7.57,38220.0,158251.0,137000.0,1238.0,84798.0,908565.0833333334,205.25
kensington and chelsea,2012,30726.0,7.7,37192.0,155930.0,144000.0,1238.0,84900.0,1009044.8333333334,185.0
kensington and chelsea,2013,31307.0,7.67,37906.0,155594.0,141000.0,1238.0,84957.0,1126572.8333333333,220.5
kensington and chelsea,2014,30002.0,7.65,36844.0,156190.0,141000.0,1238.0,85553.0,1288405.6666666667,225.33333333333334
kensington and chelsea,2015,31524.0,7.78,38848.0,157711.0,150000.0,1238.0,86537.0,1302102.75,181.5
kensington and chelsea,2016,30008.0,7.52,35249.0,156726.0,153000.0,1238.0,86921.0,1276235.1666666667,152.25
kensington and chelsea,2017,31678.0,7.31,38625.0,155741.0,166000.0,1238.0,87276.0,1344539.75,130.41666666666666
kensington and chelsea,2018,32976.0,7.23,42099.0,156197.0,164000.0,1238.0,87611.0,1363880.0833333333,110.5
kensington and chelsea,2019,33000.0,,41741.0,,,,,1247124.5833333333,123.57943143812709
kingston upon thames,1999,19302.0,,22967.0,146003.0,,,,129697.0,338.6666666666667
kingston upon thames,2000,20983.0,,25225.0,147328.0,85000.0,,,162805.66666666666,294.0
kingston upon thames,2001,21427.0,,27219.0,149045.0,82000.0,3726.0,62474.0,178822.58333333334,327.4166666666667
kingston upon thames,2002,22575.0,,29702.0,149642.0,79000.0,3726.0,62621.0,203104.91666666666,354.5
kingston upon thames,2003,23813.0,,32569.0,149683.0,79000.0,3726.0,62868.0,228280.58333333334,295.4166666666667
kingston upon thames,2004,23708.0,,30786.0,151055.0,84000.0,3726.0,63405.0,246424.08333333334,324.8333333333333
kingston upon thames,2005,24937.0,,32985.0,152489.0,82000.0,3726.0,63918.0,251156.33333333334,267.8333333333333
kingston upon thames,2006,25640.0,,32566.0,153667.0,99000.0,3726.0,64249.0,264667.0,352.0833333333333
kingston upon thames,2007,27274.0,,33513.0,154485.0,86000.0,3726.0,64547.0,306229.3333333333,325.8333333333333
kingston upon thames,2008,26583.0,,33180.0,156027.0,87000.0,3726.0,64812.0,310396.5,140.58333333333334
kingston upon thames,2009,27497.0,,33834.0,157307.0,84000.0,3726.0,64972.0,266774.25,155.5
kingston upon thames,2010,28240.0,,33688.0,158648.0,85000.0,3726.0,65086.0,304310.0833333333,194.83333333333334
kingston upon thames,2011,28997.0,7.33,34459.0,160436.0,80000.0,3726.0,65198.0,312073.9166666667,186.58333333333334
kingston upon thames,2012,29067.0,7.17,36381.0,163906.0,81000.0,3726.0,65422.0,324577.5833333333,195.58333333333334
kingston upon thames,2013,29450.0,7.43,35167.0,166793.0,80000.0,3726.0,65625.0,345739.0833333333,230.33333333333334
kingston upon thames,2014,30768.0,7.52,35833.0,169958.0,82000.0,3726.0,65886.0,406106.5,254.83333333333334
kingston upon thames,2015,28635.0,7.71,31728.0,173525.0,95000.0,3726.0,66412.0,438002.5833333333,218.83333333333334
kingston upon thames,2016,30729.0,7.69,34343.0,176107.0,99000.0,3726.0,66651.0,483333.4166666667,184.58333333333334
kingston upon thames,2017,31308.0,7.6,36139.0,174609.0,100000.0,3726.0,66924.0,492318.5833333333,167.25
kingston upon thames,2018,,7.78,36282.0,175470.0,96000.0,3726.0,67141.0,497090.9166666667,174.33333333333334
kingston upon thames,2019,32138.0,,37666.0,,,,,487389.6666666667,179.66109253065773
lambeth,1999,23151.0,,27930.0,266817.0,,,,116616.33333333333,500.9166666666667
lambeth,2000,24264.0,,28750.0,270028.0,140000.0,,,148038.83333333334,490.0
lambeth,2001,24019.0,,30242.0,273372.0,130000.0,2725.0,120390.0,164684.75,491.5
lambeth,2002,24952.0,,31630.0,273041.0,137000.0,2725.0,121455.0,190450.91666666666,523.3333333333334
lambeth,2003,26034.0,,32702.0,272195.0,140000.0,2725.0,122013.0,203377.25,453.1666666666667
lambeth,2004,27186.0,,37154.0,274262.0,142000.0,2725.0,122819.0,221888.91666666666,496.4166666666667
lambeth,2005,28347.0,,36464.0,277620.0,141000.0,2725.0,123839.0,228852.91666666666,431.9166666666667
lambeth,2006,29930.0,,38233.0,280524.0,137000.0,2725.0,125207.0,250142.5,551.6666666666666
lambeth,2007,30633.0,,41050.0,284964.0,138000.0,2725.0,126555.0,298235.25,525.5833333333334
lambeth,2008,30566.0,,41396.0,289126.0,140000.0,2725.0,127978.0,295475.8333333333,246.66666666666666
lambeth,2009,33415.0,,44262.0,294050.0,149000.0,2725.0,129289.0,267337.1666666667,197.0
lambeth,2010,33821.0,,43030.0,297650.0,151000.0,2725.0,130655.0,297167.8333333333,291.0
lambeth,2011,34836.0,7.13,43657.0,304481.0,150000.0,2725.0,132213.0,304029.9166666667,298.8333333333333
lambeth,2012,35280.0,7.08,44271.0,310200.0,152000.0,2725.0,133063.0,327465.8333333333,328.25
lambeth,2013,35397.0,7.01,43350.0,314242.0,168000.0,2725.0,133598.0,362965.6666666667,411.25
lambeth,2014,34491.0,7.41,44566.0,318216.0,180000.0,2725.0,134852.0,433624.8333333333,414.4166666666667
lambeth,2015,34852.0,7.41,45180.0,324431.0,185000.0,2725.0,136263.0,471614.0,387.25
lambeth,2016,34670.0,7.35,41335.0,327910.0,175000.0,2725.0,137610.0,514562.3333333333,330.1666666666667
lambeth,2017,35036.0,7.42,40458.0,324048.0,188000.0,2725.0,138745.0,518503.5833333333,319.6666666666667
lambeth,2018,36200.0,7.22,44814.0,325917.0,180000.0,2725.0,140288.0,511536.4166666667,278.5833333333333
lambeth,2019,36825.0,,48004.0,,,,,508148.9166666667,266.8743032329989
lewisham,1999,20580.0,,23283.0,250310.0,,,,84695.16666666667,461.0
lewisham,2000,22357.0,,22659.0,252106.0,76000.0,,,107082.66666666667,445.1666666666667
lewisham,2001,21990.0,,24850.0,254336.0,75000.0,3532.0,108964.0,121333.08333333333,458.5
lewisham,2002,23254.0,,25909.0,253662.0,79000.0,3532.0,109435.0,143764.08333333334,511.0833333333333
lewisham,2003,22069.0,,25320.0,251936.0,80000.0,3532.0,109746.0,170885.83333333334,460.0
lewisham,2004,25238.0,,26340.0,252455.0,79000.0,3532.0,110808.0,184058.5,488.9166666666667
lewisham,2005,28022.0,,30443.0,254930.0,80000.0,3532.0,111594.0,190867.83333333334,393.6666666666667
lewisham,2006,27021.0,,30142.0,257976.0,73000.0,3532.0,112632.0,202362.0,494.0833333333333
lewisham,2007,27673.0,,29832.0,261188.0,75000.0,3532.0,113286.0,229655.41666666666,501.5833333333333
lewisham,2008,29403.0,,31399.0,266508.0,77000.0,3532.0,114370.0,231283.58333333334,213.83333333333334
lewisham,2009,30891.0,,32708.0,270418.0,75000.0,3532.0,115576.0,211307.5,174.66666666666666
lewisham,2010,30806.0,,32007.0,272525.0,73000.0,3532.0,116640.0,225582.16666666666,231.91666666666666
lewisham,2011,29567.0,7.05,30506.0,276938.0,75000.0,3532.0,117651.0,228017.5,236.66666666666666
lewisham,2012,29995.0,7.23,30823.0,281556.0,78000.0,3532.0,118839.0,240572.0,277.4166666666667
lewisham,2013,30478.0,7.34,30909.0,286180.0,82000.0,3532.0,120637.0,260815.08333333334,351.5
lewisham,2014,29983.0,7.33,32256.0,291933.0,88000.0,3532.0,121350.0,315812.5833333333,384.3333333333333
lewisham,2015,30932.0,7.14,32602.0,297325.0,83000.0,3532.0,122818.0,355049.9166666667,366.8333333333333
lewisham,2016,32217.0,7.18,34588.0,301867.0,84000.0,3532.0,124357.0,402648.6666666667,333.6666666666667
lewisham,2017,33294.0,7.31,35454.0,301307.0,88000.0,3532.0,125961.0,411048.9166666667,286.6666666666667
lewisham,2018,29966.0,7.49,33493.0,303536.0,84000.0,3532.0,126487.0,411628.8333333333,278.25
lewisham,2019,32334.0,,36036.0,,,,,409791.1666666667,248.46794871794873
merton,1999,18962.0,,21867.0,185062.0,,,,121901.41666666667,422.3333333333333
merton,2000,18906.0,,22987.0,188196.0,84000.0,,,151605.41666666666,338.6666666666667
merton,2001,21014.0,,25615.0,191106.0,81000.0,3762.0,80789.0,167046.08333333334,386.5833333333333
merton,2002,22429.0,,27052.0,190561.0,77000.0,3762.0,80602.0,195714.66666666666,403.5833333333333
merton,2003,22959.0,,30607.0,189298.0,77000.0,3762.0,80475.0,220394.25,341.1666666666667
merton,2004,23208.0,,30224.0,188908.0,91000.0,3762.0,80333.0,238098.75,382.5833333333333
merton,2005,25991.0,,30422.0,190583.0,85000.0,3762.0,80271.0,246252.91666666666,314.3333333333333
merton,2006,24883.0,,29305.0,192520.0,79000.0,3762.0,80541.0,257060.66666666666,397.8333333333333
merton,2007,26346.0,,30731.0,194260.0,78000.0,3762.0,80534.0,297858.5,373.5833333333333
merton,2008,28363.0,,31929.0,195859.0,81000.0,3762.0,80683.0,300674.5,185.41666666666666
merton,2009,27662.0,,30330.0,198136.0,79000.0,3762.0,81050.0,271598.1666666667,183.58333333333334
merton,2010,27441.0,,31666.0,199136.0,78000.0,3762.0,80971.0,299999.3333333333,211.75
merton,2011,28066.0,7.14,32415.0,200543.0,86000.0,3762.0,80919.0,306063.0,216.16666666666666
merton,2012,28613.0,7.18,32742.0,202225.0,89000.0,3762.0,81429.0,316742.8333333333,230.83333333333334
merton,2013,28610.0,7.43,31960.0,203223.0,96000.0,3762.0,81842.0,344544.3333333333,270.5
merton,2014,27539.0,7.64,31917.0,203515.0,97000.0,3762.0,82282.0,419976.8333333333,262.25
merton,2015,30040.0,7.56,32907.0,204565.0,98000.0,3762.0,82707.0,457702.25,248.66666666666666
merton,2016,28224.0,7.62,34199.0,205029.0,94000.0,3762.0,83215.0,500267.4166666667,217.41666666666666
merton,2017,29627.0,7.55,35907.0,206052.0,104000.0,3762.0,83649.0,512185.8333333333,208.75
merton,2018,31182.0,7.84,,206186.0,108000.0,3762.0,84297.0,512293.9166666667,190.25
merton,2019,31699.0,,,,,,,507355.8333333333,185.90384615384616
newham,1999,18862.0,,20580.0,240517.0,,,,74525.58333333333,363.0833333333333
newham,2000,19437.0,,21609.0,245463.0,79000.0,,,92887.33333333333,403.8333333333333
newham,2001,21054.0,,27763.0,249411.0,79000.0,3857.0,93390.0,108763.08333333333,455.5
newham,2002,21420.0,,24900.0,255282.0,74000.0,3857.0,94609.0,137455.58333333334,459.5
newham,2003,22792.0,,26461.0,256224.0,77000.0,3857.0,95491.0,168437.58333333334,449.4166666666667
newham,2004,,,29224.0,254434.0,81000.0,3857.0,96805.0,185680.33333333334,393.75
newham,2005,26331.0,,28450.0,253798.0,84000.0,3857.0,97378.0,193555.33333333334,325.75
newham,2006,27162.0,,30873.0,257994.0,80000.0,3857.0,98274.0,203284.75,371.4166666666667
newham,2007,27434.0,,32363.0,266285.0,80000.0,3857.0,98994.0,226388.58333333334,364.1666666666667
newham,2008,29467.0,,34686.0,276478.0,77000.0,3857.0,99915.0,221768.41666666666,224.0
newham,2009,31028.0,,34487.0,286447.0,80000.0,3857.0,100984.0,188217.33333333334,117.33333333333333
newham,2010,32578.0,,39102.0,299171.0,80000.0,3857.0,102444.0,204467.0,140.08333333333334
newham,2011,29998.0,7.12,36870.0,310460.0,89000.0,3857.0,103212.0,207663.5,133.5
newham,2012,30540.0,7.23,35465.0,314084.0,97000.0,3857.0,104121.0,212824.75,141.91666666666666
newham,2013,29334.0,7.24,32807.0,318227.0,104000.0,3857.0,104791.0,222784.16666666666,198.83333333333334
newham,2014,29061.0,7.54,33619.0,324322.0,112000.0,3857.0,106760.0,258312.25,253.75
newham,2015,28886.0,7.73,33127.0,332817.0,114000.0,3857.0,108810.0,297558.0833333333,256.8333333333333
newham,2016,30743.0,7.61,36946.0,340978.0,125000.0,3857.0,110251.0,347956.9166666667,246.33333333333334
newham,2017,30770.0,7.47,38661.0,347996.0,125000.0,3857.0,112628.0,362131.5,310.0833333333333
newham,2018,30392.0,7.54,37849.0,352005.0,139000.0,3857.0,114474.0,359022.5,264.5833333333333
newham,2019,33944.0,,41592.0,,,,,364072.25,166.11789297658865
redbridge,1999,19580.0,,22087.0,238138.0,,,,102940.5,456.0
redbridge,2000,20256.0,,22421.0,239868.0,83000.0,,,124379.25,410.4166666666667
redbridge,2001,21106.0,,24321.0,241893.0,82000.0,5644.0,93989.0,141587.5,476.6666666666667
redbridge,2002,22133.0,,24512.0,244273.0,83000.0,5644.0,94682.0,169368.08333333334,518.75
redbridge,2003,23407.0,,26086.0,247412.0,84000.0,5644.0,95500.0,203571.91666666666,473.6666666666667
redbridge,2004,,,27206.0,248774.0,85000.0,5644.0,96196.0,222917.66666666666,487.0833333333333
redbridge,2005,26462.0,,30087.0,251560.0,84000.0,5644.0,96903.0,226469.0,406.8333333333333
redbridge,2006,27940.0,,31319.0,255590.0,74000.0,5644.0,97665.0,239729.66666666666,482.3333333333333
redbridge,2007,29429.0,,33111.0,259965.0,79000.0,5644.0,98687.0,266937.75,451.9166666666667
redbridge,2008,29283.0,,32261.0,265452.0,83000.0,5644.0,99313.0,264429.4166666667,248.66666666666666
redbridge,2009,31235.0,,32648.0,270435.0,79000.0,5644.0,99938.0,232764.08333333334,211.41666666666666
redbridge,2010,30086.0,,32421.0,275088.0,78000.0,5644.0,100889.0,252334.41666666666,246.0
redbridge,2011,29829.0,7.33,31948.0,281395.0,77000.0,5644.0,101348.0,261965.5,210.75
redbridge,2012,28100.0,7.3,30371.0,284617.0,88000.0,5644.0,101874.0,265912.0,208.58333333333334
redbridge,2013,31215.0,7.47,33442.0,288272.0,84000.0,5644.0,102138.0,274824.9166666667,248.75
redbridge,2014,31127.0,7.55,33732.0,293055.0,89000.0,5644.0,102396.0,304162.4166666667,307.75
redbridge,2015,29098.0,7.87,33182.0,296793.0,92000.0,5644.0,102653.0,343795.3333333333,288.6666666666667
redbridge,2016,28237.0,7.57,32190.0,299249.0,94000.0,5644.0,102707.0,391837.25,255.33333333333334
redbridge,2017,29189.0,7.55,32792.0,301785.0,97000.0,5644.0,103462.0,410300.1666666667,230.5
redbridge,2018,,7.54,31990.0,303858.0,92000.0,5644.0,103924.0,422591.25,211.33333333333334
redbridge,2019,29108.0,,34096.0,,,,,413412.1666666667,205.15384615384616
richmond upon thames,1999,22321.0,,25832.0,172782.0,,,,181772.33333333334,489.0
richmond upon thames,2000,22574.0,,27702.0,172920.0,82000.0,,,227866.16666666666,331.3333333333333
richmond upon thames,2001,23799.0,,29854.0,174311.0,85000.0,5876.0,78411.0,241333.25,387.0
richmond upon thames,2002,23311.0,,30680.0,175441.0,80000.0,5876.0,78676.0,271689.3333333333,433.9166666666667
richmond upon thames,2003,25549.0,,29463.0,177182.0,84000.0,5876.0,78957.0,294168.0,377.9166666666667
richmond upon thames,2004,26770.0,,30582.0,179312.0,82000.0,5876.0,79248.0,316541.0,409.25
richmond upon thames,2005,26809.0,,30298.0,181508.0,88000.0,5876.0,79877.0,323618.9166666667,354.5
richmond upon thames,2006,28610.0,,33258.0,182520.0,84000.0,5876.0,80819.0,348496.75,443.5833333333333
richmond upon thames,2007,30881.0,,37366.0,182421.0,89000.0,5876.0,81105.0,410382.75,386.5833333333333
richmond upon thames,2008,32437.0,,37760.0,182927.0,90000.0,5876.0,81458.0,409389.0833333333,198.75
richmond upon thames,2009,31733.0,,40992.0,184394.0,84000.0,5876.0,81853.0,369390.25,213.91666666666666
richmond upon thames,2010,32249.0,,39837.0,186304.0,85000.0,5876.0,82116.0,420083.5833333333,265.6666666666667
richmond upon thames,2011,32197.0,7.52,37122.0,187527.0,95000.0,5876.0,82482.0,434537.0833333333,261.0
richmond upon thames,2012,31505.0,7.4,36411.0,189145.0,92000.0,5876.0,82691.0,454941.8333333333,272.6666666666667
richmond upon thames,2013,31997.0,7.6,36611.0,191365.0,95000.0,5876.0,83176.0,492115.6666666667,301.75
richmond upon thames,2014,31533.0,7.54,36975.0,193585.0,95000.0,5876.0,83540.0,577055.3333333334,288.8333333333333
richmond upon thames,2015,32660.0,7.74,38060.0,194730.0,102000.0,5876.0,83781.0,618778.0,271.5
richmond upon thames,2016,33329.0,7.71,38572.0,195846.0,108000.0,5876.0,84294.0,653760.75,243.25
richmond upon thames,2017,32141.0,7.73,39407.0,195680.0,106000.0,5876.0,84759.0,665284.6666666666,230.0
richmond upon thames,2018,34027.0,7.7,40427.0,196904.0,111000.0,5876.0,85141.0,652665.5,219.08333333333334
richmond upon thames,2019,35191.0,,42092.0,,,,,650341.5,212.3051839464883
southwark,1999,22784.0,,26994.0,247853.0,,,,110267.58333333333,426.5
southwark,2000,24857.0,,29101.0,252726.0,182000.0,,,142266.75,411.0833333333333
southwark,2001,27114.0,,29423.0,256712.0,190000.0,2991.0,107119.0,164486.25,431.75
southwark,2002,28062.0,,30906.0,256269.0,166000.0,2991.0,107540.0,184684.25,416.75
southwark,2003,29307.0,,32241.0,255242.0,178000.0,2991.0,108467.0,199583.91666666666,382.9166666666667
southwark,2004,29609.0,,34875.0,257257.0,195000.0,2991.0,110145.0,216903.91666666666,441.9166666666667
southwark,2005,29534.0,,36022.0,261811.0,201000.0,2991.0,112162.0,224050.25,371.25
southwark,2006,31575.0,,39075.0,267553.0,210000.0,2991.0,113731.0,242759.66666666666,462.6666666666667
southwark,2007,32000.0,,39710.0,272626.0,222000.0,2991.0,116042.0,289668.1666666667,431.75
southwark,2008,31227.0,,40353.0,276973.0,245000.0,2991.0,118189.0,291213.25,205.58333333333334
southwark,2009,34265.0,,41548.0,281120.0,236000.0,2991.0,119657.0,261151.08333333334,193.33333333333334
southwark,2010,35050.0,,41481.0,283777.0,228000.0,2991.0,121412.0,293913.0,275.5
southwark,2011,36124.0,7.36,48938.0,288717.0,247000.0,2991.0,123265.0,312539.5833333333,264.4166666666667
southwark,2012,36056.0,7.21,47611.0,293530.0,270000.0,2991.0,124319.0,331124.1666666667,279.5
southwark,2013,36198.0,7.58,43807.0,298465.0,256000.0,2991.0,125566.0,360749.8333333333,356.75
southwark,2014,34612.0,7.43,40893.0,302538.0,282000.0,2991.0,127217.0,427767.5,332.5
southwark,2015,36238.0,7.49,42316.0,308901.0,289000.0,2991.0,128358.0,467867.5833333333,338.0
southwark,2016,37159.0,7.37,42583.0,313223.0,307000.0,2991.0,129740.0,510331.3333333333,302.0833333333333
southwark,2017,37601.0,7.47,44008.0,314232.0,317000.0,2991.0,132152.0,515883.3333333333,296.6666666666667
southwark,2018,39998.0,7.34,48333.0,317256.0,329000.0,2991.0,132970.0,504235.25,300.5833333333333
southwark,2019,40303.0,,47811.0,,,,,499192.4166666667,226.12430323299887
sutton,1999,19582.0,,22725.0,179375.0,,,,100869.75,415.1666666666667
sutton,2000,22019.0,,26891.0,180485.0,78000.0,,,125951.91666666667,363.3333333333333
sutton,2001,22972.0,,25235.0,181461.0,77000.0,4385.0,77701.0,137910.16666666666,402.6666666666667
sutton,2002,23311.0,,25965.0,181265.0,73000.0,4385.0,77734.0,162526.66666666666,417.9166666666667
sutton,2003,24455.0,,27147.0,181267.0,72000.0,4385.0,77856.0,187815.75,373.75
sutton,2004,24514.0,,27747.0,181094.0,73000.0,4385.0,78054.0,201829.25,391.6666666666667
sutton,2005,25714.0,,29187.0,182103.0,72000.0,4385.0,78354.0,209547.25,317.3333333333333
sutton,2006,25102.0,,28965.0,182882.0,71000.0,4385.0,78498.0,215723.83333333334,399.0833333333333
sutton,2007,25182.0,,28531.0,184174.0,71000.0,4385.0,78633.0,241438.0,391.8333333333333
sutton,2008,26082.0,,29869.0,185860.0,80000.0,4385.0,79116.0,242701.91666666666,197.33333333333334
sutton,2009,26111.0,,29775.0,188167.0,72000.0,4385.0,79444.0,212117.75,199.16666666666666
sutton,2010,26288.0,,30375.0,189321.0,73000.0,4385.0,79508.0,233489.41666666666,196.66666666666666
sutton,2011,26743.0,7.39,29656.0,191123.0,78000.0,4385.0,79696.0,233026.75,202.75
sutton,2012,25247.0,7.28,29407.0,193630.0,79000.0,4385.0,80283.0,238842.16666666666,213.83333333333334
sutton,2013,30061.0,7.49,33223.0,195914.0,77000.0,4385.0,80510.0,252002.75,250.5
sutton,2014,25797.0,7.6,30752.0,198134.0,78000.0,4385.0,80810.0,291132.1666666667,287.3333333333333
sutton,2015,27355.0,7.45,32427.0,200145.0,80000.0,4385.0,81237.0,322932.25,283.8333333333333
sutton,2016,28318.0,7.66,34818.0,202220.0,84000.0,4385.0,81628.0,365303.0833333333,272.6666666666667
sutton,2017,27945.0,7.91,35113.0,203243.0,85000.0,4385.0,82281.0,376924.5,251.5
sutton,2018,28853.0,7.88,32442.0,204525.0,78000.0,4385.0,82978.0,379262.5833333333,223.0
sutton,2019,32947.0,,37392.0,,,,,372501.0833333333,211.8901895206243
tower hamlets,1999,26376.0,,37524.0,193507.0,,,,113035.16666666667,456.0
tower hamlets,2000,28445.0,,47253.0,197133.0,152000.0,,,141287.75,418.8333333333333
tower hamlets,2001,31232.0,,55045.0,201090.0,167000.0,2158.0,80225.0,162505.91666666666,411.0
tower hamlets,2002,31168.0,,49998.0,207031.0,160000.0,2158.0,82185.0,187288.5,392.9166666666667
tower hamlets,2003,34281.0,,55530.0,208651.0,164000.0,2158.0,83659.0,207901.58333333334,341.0
tower hamlets,2004,39128.0,,66095.0,211154.0,192000.0,2158.0,85341.0,219986.91666666666,482.8333333333333
tower hamlets,2005,39493.0,,71063.0,213382.0,198000.0,2158.0,88380.0,225628.91666666666,400.0
tower hamlets,2006,38975.0,,62719.0,218400.0,203000.0,2158.0,91356.0,243033.08333333334,442.4166666666667
tower hamlets,2007,41117.0,,72749.0,225251.0,211000.0,2158.0,94373.0,287172.8333333333,450.4166666666667
tower hamlets,2008,41880.0,,70217.0,231893.0,220000.0,2158.0,97010.0,298002.1666666667,210.75
tower hamlets,2009,43987.0,,62526.0,240495.0,217000.0,2158.0,100471.0,258248.41666666666,247.16666666666666
tower hamlets,2010,44443.0,,69029.0,248520.0,223000.0,2158.0,103509.0,282748.75,314.0
tower hamlets,2011,45970.0,7.02,86593.0,256012.0,251000.0,2158.0,105379.0,287262.4166666667,280.1666666666667
tower hamlets,2012,44880.0,7.32,64782.0,263003.0,253000.0,2158.0,108254.0,285453.0,299.6666666666667
tower hamlets,2013,46441.0,7.5,73376.0,272890.0,269000.0,2158.0,109215.0,309051.0833333333,369.1666666666667
tower hamlets,2014,48309.0,7.54,74087.0,284015.0,278000.0,2158.0,109875.0,382241.6666666667,431.6666666666667
tower hamlets,2015,46681.0,7.48,67320.0,295236.0,298000.0,2158.0,110791.0,421944.0,348.5833333333333
tower hamlets,2016,45975.0,7.75,64345.0,304854.0,303000.0,2158.0,113185.0,457129.5833333333,383.4166666666667
tower hamlets,2017,49369.0,7.51,75103.0,307964.0,317000.0,2158.0,118012.0,459279.0,297.0
tower hamlets,2018,49237.0,7.82,69806.0,317705.0,333000.0,2158.0,120015.0,446500.4166666667,270.3333333333333
tower hamlets,2019,46142.0,,69434.0,,,,,439009.5833333333,196.4715719063545
waltham forest,1999,18547.0,,19888.0,221057.0,,,,83821.5,434.6666666666667
waltham forest,2000,19776.0,,22009.0,221296.0,74000.0,,,103030.66666666667,412.5
waltham forest,2001,21245.0,,23023.0,222015.0,69000.0,3881.0,91992.0,118843.41666666667,438.9166666666667
waltham forest,2002,21799.0,,23817.0,223776.0,70000.0,3881.0,92409.0,148137.66666666666,440.6666666666667
waltham forest,2003,22918.0,,25374.0,224115.0,70000.0,3881.0,92700.0,175075.83333333334,410.9166666666667
waltham forest,2004,23857.0,,25435.0,225002.0,69000.0,3881.0,92991.0,191377.75,395.1666666666667
waltham forest,2005,21931.0,,25800.0,226747.0,76000.0,3881.0,93618.0,197240.5,354.5
waltham forest,2006,23074.0,,27449.0,230731.0,70000.0,3881.0,94381.0,209707.75,415.0833333333333
waltham forest,2007,25034.0,,27129.0,235665.0,67000.0,3881.0,95303.0,237017.33333333334,402.0833333333333
waltham forest,2008,26609.0,,28814.0,242098.0,68000.0,3881.0,96281.0,232886.5,199.16666666666666
waltham forest,2009,27651.0,,29524.0,248140.0,69000.0,3881.0,97247.0,204935.0,164.25
waltham forest,2010,27755.0,,30773.0,254009.0,66000.0,3881.0,97624.0,222102.25,186.83333333333334
waltham forest,2011,28005.0,7.18,31926.0,259742.0,71000.0,3881.0,98279.0,220905.41666666666,193.08333333333334
waltham forest,2012,27235.0,7.24,30738.0,262566.0,77000.0,3881.0,98783.0,230726.66666666666,193.75
waltham forest,2013,,7.34,31143.0,265797.0,81000.0,3881.0,99251.0,254265.25,242.08333333333334
waltham forest,2014,26484.0,7.64,28426.0,268020.0,84000.0,3881.0,99640.0,314934.25,297.1666666666667
waltham forest,2015,29352.0,7.55,30911.0,271170.0,86000.0,3881.0,100311.0,357513.3333333333,291.1666666666667
waltham forest,2016,27455.0,7.67,30172.0,275843.0,86000.0,3881.0,101284.0,413149.4166666667,256.1666666666667
waltham forest,2017,28284.0,7.73,31049.0,275505.0,88000.0,3881.0,102317.0,436116.5833333333,232.75
waltham forest,2018,30298.0,7.46,32875.0,276700.0,88000.0,3881.0,103029.0,440859.4166666667,234.5
waltham forest,2019,30718.0,,33119.0,,,,,430663.5833333333,212.4024526198439
wandsworth,1999,21321.0,,24707.0,264220.0,,,,145339.75,782.0
wandsworth,2000,22840.0,,26862.0,267695.0,127000.0,,,184275.75,623.0833333333334
wandsworth,2001,22054.0,,25861.0,271742.0,124000.0,3522.0,120744.0,205179.75,673.5
wandsworth,2002,23720.0,,27665.0,274917.0,127000.0,3522.0,121620.0,232805.58333333334,709.1666666666666
wandsworth,2003,24299.0,,29446.0,276828.0,127000.0,3522.0,122821.0,253342.5,595.3333333333334
wandsworth,2004,26137.0,,30740.0,278615.0,127000.0,3522.0,124138.0,271649.6666666667,700.4166666666666
wandsworth,2005,26549.0,,31455.0,283229.0,124000.0,3522.0,125880.0,284182.0,612.5833333333334
wandsworth,2006,27405.0,,32887.0,287538.0,128000.0,3522.0,127243.0,310943.9166666667,779.0833333333334
wandsworth,2007,30513.0,,38209.0,291440.0,130000.0,3522.0,128946.0,372077.4166666667,701.25
wandsworth,2008,30808.0,,40916.0,294305.0,129000.0,3522.0,130226.0,363817.5,329.0
wandsworth,2009,32373.0,,41202.0,299347.0,125000.0,3522.0,132060.0,340373.1666666667,365.5833333333333
wandsworth,2010,31818.0,,39318.0,302620.0,118000.0,3522.0,133885.0,374487.9166666667,439.6666666666667
wandsworth,2011,32033.0,7.46,38695.0,307710.0,125000.0,3522.0,134619.0,386200.0833333333,437.0
wandsworth,2012,31262.0,7.26,35295.0,308312.0,136000.0,3522.0,135601.0,409392.0833333333,439.75
wandsworth,2013,31491.0,7.43,36917.0,310516.0,134000.0,3522.0,136558.0,457404.0,522.0833333333334
wandsworth,2014,31085.0,7.47,35182.0,312145.0,134000.0,3522.0,137757.0,544515.0833333334,505.3333333333333
wandsworth,2015,31968.0,7.53,37251.0,314544.0,144000.0,3522.0,138841.0,572691.25,494.0
wandsworth,2016,33405.0,7.64,37651.0,316096.0,146000.0,3522.0,141579.0,608740.8333333334,444.0
wandsworth,2017,33137.0,7.64,40076.0,323257.0,151000.0,3522.0,143915.0,617921.4166666666,431.5
wandsworth,2018,34501.0,7.65,45317.0,326474.0,147000.0,3522.0,146162.0,596649.1666666666,394.25
wandsworth,2019,34168.0,,39617.0,,,,,588672.4166666666,356.17196209587513
westminster,1999,24447.0,,36167.0,189233.0,,,,214042.75,553.5833333333334
westminster,2000,25951.0,,40903.0,196478.0,616000.0,,,260492.25,517.5
westminster,2001,26829.0,,41566.0,203329.0,612000.0,2203.0,101213.0,296105.5833333333,478.8333333333333
westminster,2002,28879.0,,43576.0,208100.0,598000.0,2203.0,103124.0,339622.4166666667,521.5
westminster,2003,29254.0,,43694.0,211009.0,605000.0,2203.0,104540.0,363466.0,424.0833333333333
westminster,2004,31482.0,,46350.0,214557.0,597000.0,2203.0,106760.0,379395.3333333333,428.1666666666667
westminster,2005,32519.0,,50430.0,223132.0,614000.0,2203.0,108200.0,399385.0,407.0
westminster,2006,33474.0,,53229.0,222829.0,605000.0,2203.0,110181.0,436864.75,521.1666666666666
westminster,2007,35315.0,,52597.0,220619.0,623000.0,2203.0,111743.0,514426.5833333333,445.9166666666667
westminster,2008,36048.0,,59836.0,218673.0,639000.0,2203.0,113413.0,540196.75,228.83333333333334
westminster,2009,36765.0,,55752.0,216980.0,640000.0,2203.0,115047.0,532096.8333333334,238.25
westminster,2010,37836.0,,56080.0,217187.0,644000.0,2203.0,116644.0,606698.3333333334,296.9166666666667
westminster,2011,37406.0,7.33,54049.0,219582.0,674000.0,2203.0,118318.0,632513.5833333334,273.0833333333333
westminster,2012,37649.0,7.0,55529.0,223858.0,698000.0,2203.0,119245.0,696926.0833333334,268.4166666666667
westminster,2013,36946.0,7.53,51094.0,226841.0,717000.0,2203.0,119837.0,789972.5,302.9166666666667
westminster,2014,37260.0,7.45,51099.0,233292.0,737000.0,2203.0,120367.0,922702.1666666666,303.3333333333333
westminster,2015,39392.0,7.6,53316.0,242299.0,756000.0,2203.0,121116.0,964643.0,243.83333333333334
westminster,2016,40000.0,7.68,53888.0,247614.0,765000.0,2203.0,122024.0,995543.3333333334,218.91666666666666
westminster,2017,42152.0,7.57,59878.0,244796.0,754000.0,2203.0,123366.0,1064771.5,213.08333333333334
westminster,2018,43015.0,7.66,63792.0,255324.0,775000.0,2203.0,124509.0,1020025.5,174.0
westminster,2019,43556.0,,60010.0,,,,,958304.0,171.81967670011147
